ESTC,NDEP,RENDA,TIPOR,VBEM,NPARC,VPARC,TEL,IDADE,RESMS,ENTRADA,CLASSE
2,0,600,0,399,9,60,0,31,48,0,1
0,0,690,0,598,12,76,0,32,0,0,1
0,0,2429,1,505,10,77,0,26,6,0,0
1,0,5131,1,579,6,123,0,34,6,0,0
1,2,500,1,775,12,84,0,31,6,150,1
1,0,861,1,350,10,54,0,38,6,0,0
0,0,800,1,560,6,119,0,45,6,0,0
0,0,300,1,398,10,58,0,33,6,0,0
1,0,1200,0,417,6,70,0,59,48,0,0
0,0,1200,0,620,6,129,0,28,48,0,1
1,0,600,0,359,2,122,0,61,48,122,0
0,0,676,0,366,6,62,0,60,0,0,0
1,0,1530,0,381,1,398,0,28,48,0,1
0,0,700,1,449,10,68,0,59,6,0,0
3,0,1227,0,900,12,122,0,69,180,0,0
2,0,316,0,436,12,59,0,33,12,0,1
0,0,600,1,401,10,61,0,35,6,0,1
0,0,400,1,329,9,54,0,26,6,0,0
1,0,1850,0,400,1,418,0,26,48,0,1
0,0,395,0,523,15,65,0,47,96,0,1
1,0,628,0,459,12,63,1,22,12,0,1
2,0,662,1,522,6,87,0,66,359,0,0
0,0,650,0,464,6,103,0,48,0,0,1
0,0,2500,0,842,12,114,0,26,120,0,1
1,0,2000,1,480,10,67,0,40,6,0,0
0,0,2486,0,549,3,208,0,62,48,0,0
1,0,500,0,347,3,126,0,58,48,0,0
1,0,888,1,348,10,51,0,50,6,0,0
0,0,500,1,750,10,113,0,40,6,0,0
0,0,461,0,420,12,57,0,31,6,0,1
2,0,504,0,334,2,113,0,66,48,113,0
0,0,820,0,410,4,125,1,61,0,0,0
0,0,1903,0,556,3,214,0,60,48,0,0
0,0,629,1,627,10,95,1,28,12,0,0
0,0,400,1,789,24,76,0,41,6,0,1
1,0,1529,1,630,6,133,0,48,6,0,0
1,0,850,0,446,6,99,0,42,96,0,1
0,0,360,0,337,10,51,1,29,60,0,1
1,0,400,1,410,10,63,0,29,6,0,0
1,0,500,0,689,6,145,0,60,48,0,0
0,0,300,1,479,12,65,0,52,6,0,0
0,0,551,1,647,10,94,0,34,6,0,0
1,0,1072,0,309,3,118,0,66,48,0,0
1,0,485,0,441,5,92,1,21,6,70,1
1,0,1480,0,679,10,103,0,23,96,0,1
0,0,360,0,331,4,69,0,34,6,100,1
0,0,500,1,350,10,54,0,38,6,0,0
1,0,1009,1,332,4,98,0,40,6,0,0
0,0,490,1,469,10,71,0,26,6,0,1
0,0,700,0,402,12,56,0,28,48,0,1
1,0,300,0,439,12,60,0,26,0,0,1
1,0,576,0,719,15,89,0,37,24,0,1
1,0,1200,0,416,6,89,0,32,6,0,1
1,0,2000,1,400,9,66,0,52,6,0,0
1,0,747,0,552,4,119,0,61,48,119,0
0,0,400,1,546,10,83,0,30,6,0,0
3,0,602,0,507,6,108,0,54,48,0,1
0,0,378,0,704,8,89,0,34,0,0,1
0,0,650,0,652,12,89,0,29,120,0,1
0,0,720,0,360,6,61,0,58,0,0,0
0,0,400,1,618,10,89,0,42,6,0,0
1,0,800,1,349,10,51,0,50,6,0,0
0,0,1500,1,670,4,195,0,52,6,0,1
1,0,757,0,725,12,99,0,20,48,0,1
1,0,542,1,880,10,133,0,62,6,0,0
0,1,500,1,398,6,87,0,30,6,0,0
1,0,700,1,402,6,86,0,31,6,0,0
0,0,300,0,500,12,68,0,48,0,0,1
0,0,1400,1,650,12,88,0,36,6,0,0
1,0,3442,0,552,4,119,0,64,48,119,0
1,0,700,1,369,6,79,0,28,6,0,0
1,0,2057,0,366,2,198,0,35,48,0,1
1,0,2000,1,360,10,55,0,38,6,0,1
1,0,750,1,441,6,94,0,44,6,0,1
1,0,660,0,503,3,187,0,29,48,0,1
1,0,700,0,348,3,129,0,64,48,0,0
0,0,1123,1,1059,10,145,0,36,6,0,0
1,0,620,1,427,10,65,0,22,6,0,1
1,0,500,1,376,6,80,0,24,6,0,1
1,0,1000,0,496,2,269,0,36,48,0,1
0,2,600,0,547,12,75,0,32,72,0,1
1,0,2485,1,1296,10,186,0,37,6,0,1
1,0,1000,1,618,10,89,0,37,6,0,0
1,0,1201,0,710,2,239,0,63,0,239,0
1,0,5610,1,427,10,53,0,31,6,0,0
0,0,500,1,541,10,82,0,34,6,0,0
0,0,638,1,638,6,135,0,47,6,0,0
1,0,1432,1,618,10,89,0,37,6,0,1
1,0,1300,0,395,10,60,0,66,72,0,0
1,0,602,0,485,3,180,0,24,48,0,1
1,0,800,0,706,15,87,0,25,0,0,1
1,0,600,0,895,12,122,0,24,24,0,0
0,0,1334,1,503,10,76,0,41,6,0,0
1,0,300,0,459,12,63,0,22,0,0,1
3,0,566,0,703,12,96,0,47,144,0,1
0,0,6000,0,849,2,305,0,55,0,305,0
0,0,1524,0,539,6,110,0,63,48,0,0
1,0,1300,0,1390,11,193,0,24,48,0,1
0,1,500,1,339,6,75,0,30,6,0,0
1,0,400,1,459,10,70,0,31,6,0,0
0,0,600,1,657,6,140,0,41,6,0,0
0,1,800,1,643,6,116,0,26,6,100,0
1,0,983,0,605,6,129,0,56,6,0,0
0,0,411,1,459,10,64,0,41,6,0,1
0,0,484,1,618,10,89,0,36,6,0,0
1,0,540,0,562,15,70,0,44,240,0,1
1,0,360,0,492,12,67,1,66,96,0,0
1,0,484,0,568,12,77,0,19,36,0,1
0,0,1200,1,355,10,54,0,41,6,0,1
0,0,600,0,461,11,70,0,37,60,0,1
0,0,1099,0,552,4,119,0,65,48,119,0
0,0,655,1,399,10,55,0,38,6,0,0
0,0,2500,0,989,11,137,0,31,48,0,1
0,0,400,0,478,10,74,0,45,0,0,1
0,0,356,0,399,12,54,0,24,0,0,1
0,0,599,1,459,10,64,0,44,6,0,0
0,0,1400,1,872,2,293,0,36,0,293,0
1,0,385,0,400,10,61,0,28,24,0,1
1,2,900,1,422,5,103,0,27,6,0,1
0,0,1200,1,369,3,139,0,40,6,0,0
0,0,1342,0,1084,2,363,0,63,0,363,0
0,0,519,1,431,9,70,1,41,156,0,0
1,0,600,0,870,12,118,0,37,48,0,1
0,3,500,1,639,10,88,0,38,6,0,0
2,0,900,1,482,2,163,0,33,82,163,0
0,0,1200,1,384,6,82,0,33,6,0,0
1,0,400,0,401,10,62,1,26,72,0,1
1,0,300,0,475,12,64,0,59,6,0,0
1,0,560,0,924,19,87,0,38,132,150,1
1,0,977,0,2299,9,173,0,65,48,1150,0
0,0,450,1,550,24,53,0,30,6,0,0
0,0,850,0,443,12,60,0,34,0,0,1
1,0,1500,0,552,4,119,0,61,48,119,0
0,0,1200,0,519,11,60,0,49,0,60,1
0,0,1623,0,792,2,266,0,63,48,266,0
1,0,500,0,459,8,81,0,23,0,0,1
1,0,8000,0,552,4,119,0,64,48,119,0
0,0,800,1,322,6,71,0,37,6,0,0
0,0,500,0,588,6,133,0,31,0,0,1
1,0,534,0,443,12,60,1,31,36,0,1
1,0,396,0,400,6,89,0,24,24,0,1
1,0,750,0,851,12,116,1,31,60,0,1
0,0,500,0,489,12,67,0,41,12,0,1
0,0,616,0,302,6,67,0,55,0,0,0
1,0,1500,0,470,12,50,1,70,180,100,0
1,0,1076,0,336,5,68,0,60,48,0,0
1,0,819,1,1085,24,104,0,40,6,0,0
1,0,1000,1,747,10,103,0,53,6,0,0
0,2,564,1,618,10,89,0,34,6,0,0
0,0,330,0,470,9,77,0,20,6,0,1
0,0,1800,1,361,6,77,0,47,6,0,0
0,0,554,0,954,10,110,0,34,0,229,1
1,0,360,0,313,9,52,0,25,48,0,1
1,0,1800,0,665,3,247,0,58,48,0,1
0,0,500,0,305,6,51,0,47,0,0,1
1,0,1350,0,442,2,241,1,59,0,0,0
1,0,566,0,556,12,76,0,41,120,0,1
0,0,2500,1,631,5,151,0,27,6,0,0
1,0,412,1,610,12,69,0,37,36,100,0
0,0,800,1,392,9,50,0,35,6,81,0
1,0,900,1,2005,5,169,0,33,6,1300,0
0,0,400,1,546,6,116,0,32,6,0,1
0,0,900,1,565,12,76,0,36,6,0,1
0,0,778,0,640,10,97,1,53,360,0,1
0,0,635,0,630,12,86,0,35,0,0,1
1,0,550,0,617,8,109,0,52,144,0,1
1,0,436,0,512,10,79,1,24,0,0,1
3,0,1500,0,405,6,86,0,58,48,0,1
0,0,543,0,502,12,68,0,33,48,0,1
1,0,500,0,552,4,119,0,61,48,119,0
1,0,500,0,420,10,64,1,27,0,0,1
0,0,380,1,468,10,71,1,66,0,0,0
1,0,800,0,317,3,118,0,50,48,0,1
1,0,360,1,498,10,76,0,20,6,0,1
1,0,600,1,463,10,70,0,47,6,0,0
1,0,2315,0,391,1,408,0,34,48,0,1
0,0,500,0,355,10,54,0,25,6,0,1
0,0,800,1,529,18,59,0,42,6,0,0
0,0,1200,1,961,12,129,0,58,6,0,0
1,0,700,1,441,12,60,0,37,6,0,1
1,1,800,1,365,10,56,0,43,6,0,0
0,0,400,0,560,11,82,0,39,24,0,1
0,0,500,1,480,10,67,0,43,6,0,1
0,0,1417,0,552,4,119,0,64,48,119,0
0,0,800,1,529,6,113,0,44,6,0,0
0,0,750,0,704,7,137,0,22,0,0,1
2,0,1016,0,959,12,118,0,37,48,0,1
1,0,420,0,555,12,76,0,26,120,0,1
0,0,650,0,537,4,160,1,27,36,0,1
0,2,3319,1,639,10,88,0,61,6,0,0
0,0,480,1,304,6,65,0,33,6,0,1
0,0,417,1,425,12,58,0,35,6,0,1
1,0,402,0,370,12,50,1,27,18,0,1
0,0,350,1,468,10,65,0,33,6,0,1
1,0,500,0,318,3,118,0,30,48,0,1
1,0,1200,1,480,12,65,0,26,6,0,1
1,0,411,0,514,12,70,0,30,108,0,1
0,0,1100,0,694,12,94,0,37,60,0,1
1,0,320,1,459,10,64,0,50,6,0,0
1,0,750,1,429,10,60,0,20,6,0,1
1,0,480,0,445,12,61,0,25,24,0,1
0,0,1000,1,678,10,93,0,39,6,0,0
1,0,350,0,399,12,54,0,32,0,0,1
0,0,470,0,489,6,82,0,23,0,0,1
0,0,500,1,360,10,55,0,36,6,0,1
0,2,3000,1,405,6,87,0,49,6,0,0
0,0,600,1,385,9,63,0,26,6,0,0
0,0,1500,1,449,5,108,0,29,6,0,0
0,2,580,1,349,10,51,0,30,6,0,0
0,0,600,1,380,6,81,0,31,6,0,0
0,0,634,0,931,12,127,0,29,0,0,1
0,0,680,0,881,12,121,0,26,0,0,1
0,0,750,1,446,3,167,0,42,6,0,1
1,0,350,1,441,10,54,0,18,6,90,1
0,0,650,0,770,12,105,1,61,360,0,1
1,0,500,0,552,4,119,0,59,48,119,0
1,0,1800,0,458,12,62,1,42,12,0,1
0,0,432,0,550,12,75,0,52,96,0,1
0,0,851,1,618,10,89,0,60,6,0,0
0,0,4000,0,358,5,88,0,22,0,0,1
0,0,1200,0,899,12,89,0,63,48,200,0
1,0,300,1,309,5,75,0,33,6,0,0
0,0,3000,0,756,9,123,1,58,300,0,1
0,0,1100,1,636,10,97,1,44,180,0,0
0,0,480,0,681,20,74,0,33,24,0,1
1,0,360,0,399,10,61,1,41,0,0,1
0,0,2200,0,549,6,112,0,35,48,0,1
0,0,360,1,428,6,91,0,30,6,0,0
1,0,400,0,646,10,98,1,35,14,0,1
0,0,1453,1,774,10,117,0,58,6,0,0
0,2,600,1,332,5,80,0,26,6,0,0
0,0,400,0,358,6,80,0,25,0,0,1
1,0,320,0,429,10,65,0,21,84,0,1
0,0,480,1,786,10,108,0,36,6,0,1
0,0,2615,0,459,2,162,0,64,48,162,0
0,0,1078,1,1059,10,145,0,46,6,0,0
0,0,500,1,614,10,81,0,59,6,0,0
1,0,1500,0,400,1,418,0,27,48,0,1
0,0,454,1,454,7,89,1,44,108,0,0
0,0,4500,1,667,10,96,0,31,6,0,1
0,0,580,1,460,12,62,0,31,6,0,0
1,0,600,0,396,6,89,0,25,60,0,1
0,0,400,1,339,6,73,0,39,6,0,1
1,0,350,1,459,10,70,0,46,6,0,0
0,0,670,1,849,15,100,0,42,6,0,1
0,0,1750,0,776,3,103,0,57,0,500,0
0,0,300,1,395,10,60,0,30,6,0,1
0,0,1900,0,1598,6,355,0,41,0,0,1
0,0,656,0,395,9,65,0,58,120,0,1
0,0,750,0,710,10,107,0,28,6,0,1
0,0,421,0,416,10,63,0,39,0,0,1
0,0,533,0,475,12,65,0,45,24,0,1
1,0,3760,0,731,2,246,0,60,48,246,0
1,0,800,1,618,10,89,0,41,6,0,0
0,0,560,0,829,12,113,0,25,24,0,1
3,0,800,0,499,2,168,0,58,48,168,0
0,0,400,1,398,10,58,0,39,6,0,0
0,0,1200,1,339,6,73,0,41,6,0,1
1,0,650,1,369,3,139,0,27,6,0,0
0,0,2500,1,849,10,117,0,29,6,0,1
1,0,500,1,480,10,67,0,30,6,0,0
1,0,833,1,470,10,72,0,37,6,0,0
1,0,513,1,480,12,66,1,44,60,0,0
0,0,435,1,531,10,63,0,22,6,115,1
3,0,2000,1,496,12,68,1,62,360,0,0
0,0,800,1,359,6,76,0,51,6,0,0
1,0,365,0,338,9,55,0,20,36,0,1
0,0,1200,0,796,6,168,0,30,0,0,1
1,0,983,0,489,3,182,0,21,48,0,1
0,0,725,0,330,5,81,0,61,48,0,0
0,7,300,1,558,12,75,0,56,6,0,0
0,0,579,0,301,6,67,0,60,48,0,0
1,0,1200,0,701,2,236,0,62,0,236,0
1,0,821,0,508,11,71,0,59,48,0,0
0,4,350,1,573,12,77,0,45,6,0,0
0,0,400,1,520,6,111,0,52,6,0,0
0,0,300,0,597,10,82,0,22,6,0,1
0,0,349,0,430,15,54,0,26,0,0,1
0,0,350,1,440,8,60,0,39,24,100,0
0,3,1500,1,560,12,76,0,48,6,0,0
0,2,400,1,429,10,60,0,41,6,0,0
0,0,455,0,453,12,63,1,32,12,0,1
1,0,580,1,565,6,120,0,31,6,0,0
2,0,420,0,423,12,58,0,54,0,0,0
3,0,400,0,559,12,79,0,49,300,0,1
0,0,960,1,420,6,89,0,37,6,0,0
0,0,2500,0,516,5,99,0,64,48,99,0
0,0,900,0,460,12,63,1,27,120,0,1
1,0,1200,0,695,12,98,1,63,14,0,1
0,0,500,1,359,9,59,0,29,6,0,0
1,0,1300,0,694,12,94,0,29,8,0,1
1,0,1013,1,323,6,69,0,41,6,0,1
0,0,330,1,340,6,73,0,37,6,0,1
1,0,3500,1,617,10,93,0,35,6,0,1
1,0,474,0,798,12,98,0,24,48,0,1
1,0,800,0,363,10,55,1,40,36,0,1
1,0,473,0,591,6,99,0,62,48,0,1
0,0,592,1,322,6,73,1,48,252,0,0
0,0,900,0,438,4,129,0,35,12,0,1
2,0,1500,0,552,4,119,0,58,48,119,0
0,0,2000,1,567,10,78,0,37,6,0,0
0,0,890,0,556,12,76,0,28,0,0,1
1,0,652,0,528,9,80,0,23,48,0,1
3,0,340,0,449,10,69,0,61,180,0,1
0,0,692,1,459,10,70,0,64,6,0,0
1,0,553,1,572,8,101,1,36,0,0,0
0,0,2200,0,2498,6,525,0,46,0,0,1
0,1,474,1,355,10,54,0,53,6,0,0
0,0,850,0,886,9,124,0,24,48,124,1
0,0,816,0,529,6,111,0,47,48,0,1
1,0,600,0,365,10,56,0,27,6,0,1
1,0,620,0,813,12,68,0,26,48,0,1
1,0,307,1,392,10,57,0,36,6,0,0
0,0,715,0,424,12,54,0,28,48,0,1
0,0,332,1,593,4,100,0,44,215,198,0
0,0,370,0,704,12,97,0,33,48,0,1
0,0,1300,1,480,10,67,0,34,6,0,0
1,0,300,0,804,9,75,0,29,48,140,1
1,0,470,0,393,6,66,0,62,48,0,0
1,0,602,0,595,6,138,1,32,24,0,1
0,0,2759,0,698,12,86,0,64,48,0,0
1,0,448,0,445,10,53,0,22,0,100,1
1,0,1500,0,372,3,138,0,31,48,0,1
0,0,9675,1,765,10,100,0,66,6,0,0
0,0,1500,0,698,7,136,0,61,0,0,0
0,0,4000,1,1199,12,141,0,32,6,0,0
0,0,308,1,459,10,57,0,64,6,50,0
1,0,443,0,596,6,100,0,66,48,0,0
1,0,590,1,894,10,123,0,63,6,0,0
3,0,7260,0,399,3,151,0,67,48,0,0
0,0,800,1,700,5,168,0,26,6,0,0
2,0,1500,0,391,8,70,1,34,0,0,1
1,0,370,0,373,10,58,0,31,96,0,1
0,0,2500,1,418,4,122,0,28,6,0,0
0,0,380,1,365,10,56,0,20,6,0,1
0,3,600,1,446,12,60,0,45,6,0,1
1,0,2708,0,364,1,384,0,27,48,0,1
0,0,1000,1,470,6,100,0,47,6,0,0
0,0,1548,1,339,6,73,0,63,6,0,0
0,0,1000,0,776,12,105,1,30,12,0,1
0,0,756,1,618,10,85,0,32,6,0,0
0,0,3000,0,552,12,76,1,31,60,0,1
0,0,800,1,546,6,116,0,29,6,0,0
1,0,800,1,639,10,88,0,26,6,0,0
1,0,1200,0,466,10,74,1,38,12,0,1
3,0,861,1,759,6,170,1,62,180,0,0
1,0,720,0,366,6,62,0,66,48,0,0
0,0,1500,1,650,10,98,0,34,6,0,0
0,0,600,0,399,12,54,0,35,228,0,1
0,0,300,1,368,6,62,0,40,6,80,0
0,0,478,0,580,9,95,0,24,0,0,1
0,0,900,1,495,24,53,1,46,0,0,1
1,0,600,1,429,12,58,0,43,6,0,0
0,3,587,1,559,12,76,0,58,6,0,0
0,0,890,0,324,6,72,0,27,32,0,1
0,0,4842,1,567,10,78,0,45,6,0,0
0,0,3400,1,1629,18,175,0,53,6,0,1
1,0,1500,0,356,2,193,0,25,48,0,1
0,0,766,1,1059,10,145,0,64,6,0,0
1,0,1545,1,516,10,78,0,42,6,0,0
0,0,705,0,409,10,63,0,35,48,0,1
1,0,390,0,525,15,58,1,39,36,60,1
0,0,3703,0,680,3,264,0,59,48,0,0
3,0,959,0,660,6,145,0,62,48,0,0
0,0,600,0,930,10,111,1,38,180,200,1
0,0,1323,0,420,10,64,0,58,0,0,0
0,0,1800,0,1190,12,162,1,48,120,0,1
1,0,450,0,469,10,72,0,27,0,0,1
1,0,2000,0,525,2,285,0,44,48,0,1
1,0,500,0,552,4,119,0,61,48,119,0
0,1,400,1,420,10,58,0,49,6,0,0
1,0,319,0,537,6,90,0,24,48,0,1
0,0,500,1,479,6,55,0,39,6,200,0
1,0,1000,0,607,3,165,1,57,0,165,0
1,0,550,0,395,10,60,0,36,60,0,1
1,0,558,1,480,10,67,0,38,6,0,1
1,6,500,1,378,10,53,0,50,6,0,0
1,0,650,1,480,10,67,0,21,6,0,1
0,0,700,0,301,7,59,1,33,180,0,1
0,0,990,0,531,6,118,0,30,0,0,1
1,0,1024,0,623,5,126,0,47,48,0,1
0,0,700,1,433,4,128,0,28,12,0,0
0,0,882,1,979,15,115,0,63,6,0,1
1,1,300,1,505,10,70,0,28,6,0,0
0,0,2400,0,1233,4,247,0,60,0,250,0
0,1,896,0,478,15,59,0,49,144,0,1
0,0,1237,0,374,4,76,0,62,0,76,0
0,2,584,1,849,10,117,0,40,6,0,0
0,0,600,1,849,10,117,0,32,6,0,0
1,0,3000,0,329,3,122,0,40,48,0,1
1,0,1448,0,599,6,133,1,60,120,0,1
0,0,1300,0,915,12,125,1,32,0,0,1
1,0,1400,1,698,3,223,0,31,6,100,0
1,0,1419,0,1002,12,127,0,28,48,0,1
0,0,2000,1,849,10,117,0,61,6,0,0
0,0,750,1,972,10,147,0,41,6,0,0
1,0,600,1,418,10,64,0,36,6,0,0
1,0,498,1,344,10,53,0,22,6,0,1
2,0,599,0,646,10,98,1,42,18,0,1
1,0,443,1,420,10,58,0,39,6,0,1
0,0,470,1,747,10,103,0,65,6,0,0
0,0,450,1,318,5,77,0,42,6,0,0
1,0,801,0,561,6,94,0,23,48,0,1
0,0,2000,1,590,4,129,0,36,6,150,0
1,0,300,0,558,12,76,1,40,48,0,1
1,0,942,0,407,12,55,1,43,12,0,1
1,0,450,1,448,10,69,1,35,0,0,0
1,0,504,1,538,10,82,0,48,6,0,0
0,0,700,0,565,12,78,0,31,0,0,1
1,0,1761,0,449,2,243,0,23,48,0,1
0,0,380,1,480,6,102,0,21,6,0,1
1,0,348,0,1068,12,90,0,35,48,0,1
1,0,920,0,700,12,99,1,37,192,0,1
1,2,700,1,439,10,67,0,48,6,0,0
0,0,892,1,350,10,53,1,35,60,0,1
0,0,810,0,496,2,167,0,61,0,167,0
0,2,600,1,420,10,58,0,22,6,0,1
0,0,445,0,443,12,61,0,26,48,0,1
0,0,1000,0,400,2,141,0,63,0,141,0
0,0,600,0,518,10,80,0,40,24,0,1
0,0,380,1,418,10,60,0,67,6,0,0
0,0,2500,1,455,10,69,0,29,6,0,1
0,0,388,0,613,12,83,0,24,24,10,1
0,3,1500,1,450,9,74,0,26,6,0,0
0,0,4000,1,369,10,56,0,34,6,0,0
1,0,500,1,606,10,91,0,34,6,0,0
0,0,500,0,333,4,98,0,33,0,0,1
0,2,850,1,335,6,72,0,26,6,0,1
1,0,400,0,409,12,57,0,30,24,0,1
0,2,740,1,480,10,67,0,34,6,0,1
1,0,2500,0,384,2,205,0,32,48,0,1
0,0,3155,0,1129,3,423,0,61,48,0,0
0,0,1500,0,400,2,141,1,30,42,141,1
1,0,966,1,462,10,70,0,29,6,0,0
0,4,368,1,473,9,77,0,49,6,0,0
1,0,1500,1,484,3,132,1,32,12,132,0
0,0,1000,1,599,12,81,0,49,6,0,0
1,0,600,1,301,6,65,0,30,6,0,0
1,0,360,1,394,9,64,0,66,6,0,0
1,0,819,1,558,24,54,0,40,6,0,0
0,0,450,1,618,10,85,0,54,6,0,0
0,0,550,0,999,12,123,0,48,48,0,1
0,0,550,0,335,6,75,0,51,240,0,1
0,0,1000,0,712,4,77,0,39,96,450,1
0,0,800,1,597,9,97,0,39,6,0,0
1,0,300,0,419,12,57,1,20,36,0,1
1,0,896,0,1003,6,208,0,62,48,0,0
0,0,600,0,617,12,85,0,33,0,0,1
0,0,2500,0,829,12,102,0,32,48,0,1
1,0,1650,0,756,9,103,0,63,48,72,0
1,0,717,0,1056,8,187,1,55,0,0,0
0,0,378,0,351,6,73,0,22,48,0,1
1,0,1500,0,400,3,149,0,28,48,0,1
1,0,489,0,546,12,74,0,42,6,0,1
1,0,500,1,300,6,64,0,39,6,0,0
0,0,483,0,552,4,119,0,62,48,119,0
0,0,600,1,520,10,75,0,40,6,0,0
0,0,450,1,610,9,99,0,51,6,0,0
1,0,425,0,426,4,108,0,62,48,0,0
0,0,999,0,548,3,149,0,63,48,149,0
0,0,426,0,391,6,87,1,25,0,0,1
2,0,1200,0,343,3,128,0,64,48,0,0
1,0,480,1,658,12,89,1,52,144,0,0
0,0,404,0,631,6,106,0,35,0,0,1
1,0,688,1,489,10,74,0,60,6,0,0
0,0,400,0,537,10,78,0,37,6,0,1
1,0,500,0,455,9,74,0,26,48,0,1
0,0,800,1,480,10,67,0,31,6,0,0
0,0,1099,1,812,10,124,1,34,0,0,0
0,0,401,1,469,5,90,0,42,24,100,0
0,0,600,1,315,4,93,0,29,6,0,0
1,0,4000,1,639,10,88,0,55,6,0,0
0,0,3000,1,1122,9,181,0,33,6,0,0
0,0,650,1,639,10,88,0,22,6,0,1
1,0,700,1,480,10,67,0,54,6,0,0
0,1,400,1,450,10,69,0,31,6,0,1
1,0,380,1,635,15,75,0,20,6,0,1
1,0,543,0,789,9,112,0,22,12,100,1
1,0,800,1,710,10,78,0,28,6,200,1
0,4,350,1,498,12,67,0,45,6,0,1
0,0,1028,0,690,6,161,1,58,0,0,0
0,0,350,0,618,10,89,0,25,6,0,1
1,0,564,1,451,10,69,0,51,6,0,0
1,0,2500,0,921,4,267,0,30,6,0,1
0,0,1400,1,665,12,93,0,31,6,0,0
0,0,597,0,552,4,119,0,60,48,119,0
0,0,500,1,575,12,78,0,42,132,0,0
1,0,2000,0,779,10,111,0,27,48,0,1
3,0,483,0,587,10,90,1,45,300,0,1
0,2,500,1,505,6,108,0,32,6,0,0
0,0,600,1,585,12,79,0,36,6,0,0
2,0,490,0,429,10,66,0,44,10,0,1
1,0,1800,1,387,6,83,0,41,6,0,0
0,5,600,1,651,10,98,0,53,6,0,0
1,0,600,0,1090,12,96,1,34,0,390,1
0,0,350,0,488,12,66,0,24,0,0,1
0,0,1428,0,389,6,82,0,67,48,0,0
0,0,400,1,606,10,92,0,35,6,0,0
0,0,455,0,901,15,111,1,50,36,0,1
0,0,488,1,403,9,66,0,44,6,0,0
1,0,550,0,429,10,65,0,20,72,0,1
1,0,320,0,421,12,57,0,22,0,0,1
0,0,800,1,376,10,57,0,49,6,0,0
1,0,650,1,860,10,130,0,29,6,0,1
0,0,475,1,965,12,130,0,27,6,0,1
1,0,400,0,379,4,83,0,29,0,100,1
0,0,1000,1,1059,4,192,0,39,6,400,0
0,0,578,1,885,10,134,0,35,6,0,0
1,0,310,0,612,12,63,1,20,39,150,1
0,0,903,0,348,2,118,0,55,0,118,0
0,0,900,1,597,10,82,0,28,6,0,0
0,0,738,1,469,9,77,0,38,6,0,0
0,0,1500,0,611,15,67,1,36,240,67,1
0,0,1215,1,674,9,110,0,34,6,0,1
0,0,300,1,311,6,67,0,41,6,0,0
0,0,700,1,375,10,57,0,33,6,0,0
0,0,696,0,421,12,57,1,56,120,0,1
1,0,2000,0,384,1,401,0,22,48,0,1
0,0,2000,1,791,10,120,1,28,0,0,0
2,0,4005,0,518,3,142,0,67,48,142,0
3,0,400,1,479,15,59,1,41,180,0,0
0,0,530,0,729,12,99,0,23,24,0,1
0,3,1000,1,849,10,117,0,37,6,0,0
1,0,1200,0,535,2,290,0,29,48,0,1
0,0,800,1,747,10,103,0,45,6,0,0
1,0,390,0,569,12,77,1,48,240,0,1
2,0,385,0,659,12,72,0,61,48,72,0
1,0,300,1,300,5,74,1,26,0,0,0
0,1,350,1,480,10,67,0,33,6,0,1
0,0,600,0,335,2,114,0,58,0,114,0
0,0,320,0,501,12,72,0,29,180,0,1
0,0,2190,1,399,6,91,1,42,96,0,0
1,0,335,0,498,12,68,0,22,26,0,1
1,0,800,0,355,4,90,0,21,48,0,1
1,0,1500,0,320,1,337,0,39,48,0,1
1,0,778,0,552,4,119,0,58,48,119,0
0,0,2500,1,618,10,89,0,43,6,0,0
1,0,341,1,400,5,97,0,33,6,0,0
1,0,500,0,437,12,60,0,60,48,0,1
1,0,1500,1,984,9,140,0,34,6,117,1
0,0,5000,0,1487,2,497,0,55,0,498,0
0,0,430,0,422,10,64,0,36,0,0,1
0,2,868,1,567,10,78,0,39,6,0,0
0,3,700,1,749,15,89,0,34,6,0,0
0,0,1300,0,481,11,60,1,52,60,60,1
0,0,1500,0,536,6,113,0,67,48,0,0
1,0,400,0,558,12,77,0,19,24,0,1
0,0,400,0,496,10,52,0,33,6,100,1
0,0,2000,0,499,2,168,0,29,48,168,1
0,0,938,0,552,4,119,0,64,48,119,0
1,0,355,1,475,9,78,0,51,6,0,0
0,0,1118,1,397,2,217,0,42,6,0,0
1,0,700,0,849,6,143,0,47,48,150,1
0,1,350,1,499,12,68,0,32,6,0,0
0,0,735,1,415,5,62,0,22,6,159,1
1,0,500,1,389,6,56,0,34,6,129,0
1,0,773,0,699,6,131,0,63,48,0,0
0,0,1200,0,552,4,119,0,58,48,119,0
1,0,500,0,852,15,105,0,28,72,0,1
0,0,350,1,490,10,75,0,35,6,0,1
0,0,513,1,537,10,78,0,40,6,0,0
0,0,530,0,888,9,98,0,63,0,285,0
0,0,1470,1,650,10,90,0,49,6,0,0
1,0,327,1,469,12,64,0,32,6,0,0
0,0,400,0,437,12,60,0,61,240,0,1
0,0,1000,1,1070,4,242,1,59,156,250,0
0,0,3500,1,470,5,92,1,43,24,92,0
1,0,1190,0,420,6,99,1,47,120,0,1
0,0,799,0,400,6,71,0,55,0,80,0
1,0,712,0,459,3,125,1,29,120,125,1
1,0,600,1,490,10,74,0,51,6,0,0
0,0,350,1,755,12,102,0,38,6,0,0
1,0,425,0,395,12,54,0,52,120,0,1
0,0,492,0,833,11,96,0,36,48,96,1
0,0,1509,0,499,12,63,0,64,48,0,1
0,0,360,1,580,12,78,0,47,6,0,0
0,0,900,1,312,4,92,0,36,6,0,0
